#DATA INSERTION

INSERT INTO Flights (flight_id, source, destination, flight_date, flight_time) VALUES (1, 'Chennai', 'Mumbai', '2025-08-17', '01:00:00');
INSERT INTO Flights (flight_id, source, destination, flight_date, flight_time) VALUES (2, 'Bangalore', 'Delhi', '2025-08-15', '02:30:00');
INSERT INTO Flights (flight_id, source, destination, flight_date, flight_time) VALUES (3, 'Mumbai', 'Chennai', '2025-08-19', '18:30:00');
INSERT INTO Flights (flight_id, source, destination, flight_date, flight_time) VALUES (4, 'Chennai', 'Bangalore', '2025-08-28', '15:00:00');
INSERT INTO Flights (flight_id, source, destination, flight_date, flight_time) VALUES (5, 'Mumbai', 'Chennai', '2025-08-19', '16:00:00');
INSERT INTO Flights (flight_id, source, destination, flight_date, flight_time) VALUES (6, 'Delhi', 'Bangalore', '2025-08-28', '20:00:00');
INSERT INTO Flights (flight_id, source, destination, flight_date, flight_time) VALUES (7, 'Bangalore', 'Mumbai', '2025-08-26', '16:30:00');
INSERT INTO Flights (flight_id, source, destination, flight_date, flight_time) VALUES (8, 'Hyderabad', 'Chennai', '2025-08-23', '21:30:00');
INSERT INTO Flights (flight_id, source, destination, flight_date, flight_time) VALUES (9, 'Mumbai', 'Chennai', '2025-08-17', '05:00:00');
INSERT INTO Flights (flight_id, source, destination, flight_date, flight_time) VALUES (10, 'Bangalore', 'Hyderabad', '2025-08-24', '11:00:00');

INSERT INTO Customers (customer_id, name, contact) VALUES (1, 'Customer_1', '9842451813');
INSERT INTO Customers (customer_id, name, contact) VALUES (2, 'Customer_2', '9888804039');
INSERT INTO Customers (customer_id, name, contact) VALUES (3, 'Customer_3', '9837742837');
INSERT INTO Customers (customer_id, name, contact) VALUES (4, 'Customer_4', '9582025410');
INSERT INTO Customers (customer_id, name, contact) VALUES (5, 'Customer_5', '9820564287');
INSERT INTO Customers (customer_id, name, contact) VALUES (6, 'Customer_6', '9847614136');
INSERT INTO Customers (customer_id, name, contact) VALUES (7, 'Customer_7', '9942648206');
INSERT INTO Customers (customer_id, name, contact) VALUES (8, 'Customer_8', '9545314516');
INSERT INTO Customers (customer_id, name, contact) VALUES (9, 'Customer_9', '9914753263');
INSERT INTO Customers (customer_id, name, contact) VALUES (10, 'Customer_10', '9262016752');
INSERT INTO Customers (customer_id, name, contact) VALUES (11, 'Customer_11', '9647329915');
INSERT INTO Customers (customer_id, name, contact) VALUES (12, 'Customer_12', '9445982612');
INSERT INTO Customers (customer_id, name, contact) VALUES (13, 'Customer_13', '9475344238');
INSERT INTO Customers (customer_id, name, contact) VALUES (14, 'Customer_14', '9942051127');
INSERT INTO Customers (customer_id, name, contact) VALUES (15, 'Customer_15', '9448652392');
INSERT INTO Customers (customer_id, name, contact) VALUES (16, 'Customer_16', '9690121947');
INSERT INTO Customers (customer_id, name, contact) VALUES (17, 'Customer_17', '9455522720');
INSERT INTO Customers (customer_id, name, contact) VALUES (18, 'Customer_18', '9548697327');
INSERT INTO Customers (customer_id, name, contact) VALUES (19, 'Customer_19', '9509448909');
INSERT INTO Customers (customer_id, name, contact) VALUES (20, 'Customer_20', '9267279054');
INSERT INTO Customers (customer_id, name, contact) VALUES (21, 'Customer_21', '9141745103');
INSERT INTO Customers (customer_id, name, contact) VALUES (22, 'Customer_22', '9872458056');
INSERT INTO Customers (customer_id, name, contact) VALUES (23, 'Customer_23', '9911894105');
INSERT INTO Customers (customer_id, name, contact) VALUES (24, 'Customer_24', '9844321927');
INSERT INTO Customers (customer_id, name, contact) VALUES (25, 'Customer_25', '9588098378');
INSERT INTO Customers (customer_id, name, contact) VALUES (26, 'Customer_26', '9615194859');
INSERT INTO Customers (customer_id, name, contact) VALUES (27, 'Customer_27', '9863377735');
INSERT INTO Customers (customer_id, name, contact) VALUES (28, 'Customer_28', '9499223562');
INSERT INTO Customers (customer_id, name, contact) VALUES (29, 'Customer_29', '9505841121');
INSERT INTO Customers (customer_id, name, contact) VALUES (30, 'Customer_30', '9471345259');
INSERT INTO Customers (customer_id, name, contact) VALUES (31, 'Customer_31', '9714650003');
INSERT INTO Customers (customer_id, name, contact) VALUES (32, 'Customer_32', '9248629855');
INSERT INTO Customers (customer_id, name, contact) VALUES (33, 'Customer_33', '9619397802');
INSERT INTO Customers (customer_id, name, contact) VALUES (34, 'Customer_34', '9979526717');
INSERT INTO Customers (customer_id, name, contact) VALUES (35, 'Customer_35', '9171001799');
INSERT INTO Customers (customer_id, name, contact) VALUES (36, 'Customer_36', '9774551065');
INSERT INTO Customers (customer_id, name, contact) VALUES (37, 'Customer_37', '9841951369');
INSERT INTO Customers (customer_id, name, contact) VALUES (38, 'Customer_38', '9738473062');
INSERT INTO Customers (customer_id, name, contact) VALUES (39, 'Customer_39', '9179680804');
INSERT INTO Customers (customer_id, name, contact) VALUES (40, 'Customer_40', '9966078768');
INSERT INTO Customers (customer_id, name, contact) VALUES (41, 'Customer_41', '9885586848');
INSERT INTO Customers (customer_id, name, contact) VALUES (42, 'Customer_42', '9107928708');
INSERT INTO Customers (customer_id, name, contact) VALUES (43, 'Customer_43', '9612797875');
INSERT INTO Customers (customer_id, name, contact) VALUES (44, 'Customer_44', '9255978854');
INSERT INTO Customers (customer_id, name, contact) VALUES (45, 'Customer_45', '9904666421');
INSERT INTO Customers (customer_id, name, contact) VALUES (46, 'Customer_46', '9237679766');
INSERT INTO Customers (customer_id, name, contact) VALUES (47, 'Customer_47', '9829885525');
INSERT INTO Customers (customer_id, name, contact) VALUES (48, 'Customer_48', '9502563523');
INSERT INTO Customers (customer_id, name, contact) VALUES (49, 'Customer_49', '9326388984');
INSERT INTO Customers (customer_id, name, contact) VALUES (50, 'Customer_50', '9378796267');
INSERT INTO Customers (customer_id, name, contact) VALUES (51, 'Customer_51', '9711528487');
INSERT INTO Customers (customer_id, name, contact) VALUES (52, 'Customer_52', '9180509403');
INSERT INTO Customers (customer_id, name, contact) VALUES (53, 'Customer_53', '9278734914');
INSERT INTO Customers (customer_id, name, contact) VALUES (54, 'Customer_54', '9962308707');
INSERT INTO Customers (customer_id, name, contact) VALUES (55, 'Customer_55', '9837852680');
INSERT INTO Customers (customer_id, name, contact) VALUES (56, 'Customer_56', '9229646430');
INSERT INTO Customers (customer_id, name, contact) VALUES (57, 'Customer_57', '9538940058');
INSERT INTO Customers (customer_id, name, contact) VALUES (58, 'Customer_58', '9395479268');
INSERT INTO Customers (customer_id, name, contact) VALUES (59, 'Customer_59', '9547475168');
INSERT INTO Customers (customer_id, name, contact) VALUES (60, 'Customer_60', '9581134661');
INSERT INTO Customers (customer_id, name, contact) VALUES (61, 'Customer_61', '9368840010');
INSERT INTO Customers (customer_id, name, contact) VALUES (62, 'Customer_62', '9408348442');
INSERT INTO Customers (customer_id, name, contact) VALUES (63, 'Customer_63', '9390634205');
INSERT INTO Customers (customer_id, name, contact) VALUES (64, 'Customer_64', '9203228877');
INSERT INTO Customers (customer_id, name, contact) VALUES (65, 'Customer_65', '9953375212');
INSERT INTO Customers (customer_id, name, contact) VALUES (66, 'Customer_66', '9553613630');
INSERT INTO Customers (customer_id, name, contact) VALUES (67, 'Customer_67', '9316531601');
INSERT INTO Customers (customer_id, name, contact) VALUES (68, 'Customer_68', '9350032908');
INSERT INTO Customers (customer_id, name, contact) VALUES (69, 'Customer_69', '9721385810');
INSERT INTO Customers (customer_id, name, contact) VALUES (70, 'Customer_70', '9424292818');
INSERT INTO Customers (customer_id, name, contact) VALUES (71, 'Customer_71', '9724424727');
INSERT INTO Customers (customer_id, name, contact) VALUES (72, 'Customer_72', '9698615861');
INSERT INTO Customers (customer_id, name, contact) VALUES (73, 'Customer_73', '9556957178');
INSERT INTO Customers (customer_id, name, contact) VALUES (74, 'Customer_74', '9176099904');
INSERT INTO Customers (customer_id, name, contact) VALUES (75, 'Customer_75', '9696960446');
INSERT INTO Customers (customer_id, name, contact) VALUES (76, 'Customer_76', '9511521880');
INSERT INTO Customers (customer_id, name, contact) VALUES (77, 'Customer_77', '9448707783');
INSERT INTO Customers (customer_id, name, contact) VALUES (78, 'Customer_78', '9934152095');
INSERT INTO Customers (customer_id, name, contact) VALUES (79, 'Customer_79', '9704851268');
INSERT INTO Customers (customer_id, name, contact) VALUES (80, 'Customer_80', '9632041974');
INSERT INTO Customers (customer_id, name, contact) VALUES (81, 'Customer_81', '9129486654');
INSERT INTO Customers (customer_id, name, contact) VALUES (82, 'Customer_82', '9304654245');
INSERT INTO Customers (customer_id, name, contact) VALUES (83, 'Customer_83', '9927903163');
INSERT INTO Customers (customer_id, name, contact) VALUES (84, 'Customer_84', '9228457020');
INSERT INTO Customers (customer_id, name, contact) VALUES (85, 'Customer_85', '9498720080');
INSERT INTO Customers (customer_id, name, contact) VALUES (86, 'Customer_86', '9366719229');
INSERT INTO Customers (customer_id, name, contact) VALUES (87, 'Customer_87', '9300420167');
INSERT INTO Customers (customer_id, name, contact) VALUES (88, 'Customer_88', '9880824452');
INSERT INTO Customers (customer_id, name, contact) VALUES (89, 'Customer_89', '9897292067');
INSERT INTO Customers (customer_id, name, contact) VALUES (90, 'Customer_90', '9405226775');
INSERT INTO Customers (customer_id, name, contact) VALUES (91, 'Customer_91', '9520597716');
INSERT INTO Customers (customer_id, name, contact) VALUES (92, 'Customer_92', '9927676980');
INSERT INTO Customers (customer_id, name, contact) VALUES (93, 'Customer_93', '9141761088');
INSERT INTO Customers (customer_id, name, contact) VALUES (94, 'Customer_94', '9624585330');
INSERT INTO Customers (customer_id, name, contact) VALUES (95, 'Customer_95', '9371324388');
INSERT INTO Customers (customer_id, name, contact) VALUES (96, 'Customer_96', '9544296022');
INSERT INTO Customers (customer_id, name, contact) VALUES (97, 'Customer_97', '9194564623');
INSERT INTO Customers (customer_id, name, contact) VALUES (98, 'Customer_98', '9652680987');
INSERT INTO Customers (customer_id, name, contact) VALUES (99, 'Customer_99', '9514045834');
INSERT INTO Customers (customer_id, name, contact) VALUES (100, 'Customer_100', '9996027209');
INSERT INTO Customers (customer_id, name, contact) VALUES (101, 'Customer_101', '9833366094');
INSERT INTO Customers (customer_id, name, contact) VALUES (102, 'Customer_102', '9862704427');
INSERT INTO Customers (customer_id, name, contact) VALUES (103, 'Customer_103', '9574736734');
INSERT INTO Customers (customer_id, name, contact) VALUES (104, 'Customer_104', '9733065970');
INSERT INTO Customers (customer_id, name, contact) VALUES (105, 'Customer_105', '9930368513');
INSERT INTO Customers (customer_id, name, contact) VALUES (106, 'Customer_106', '9659163300');
INSERT INTO Customers (customer_id, name, contact) VALUES (107, 'Customer_107', '9319308643');
INSERT INTO Customers (customer_id, name, contact) VALUES (108, 'Customer_108', '9911179954');
INSERT INTO Customers (customer_id, name, contact) VALUES (109, 'Customer_109', '9338921902');
INSERT INTO Customers (customer_id, name, contact) VALUES (110, 'Customer_110', '9642553078');
INSERT INTO Customers (customer_id, name, contact) VALUES (111, 'Customer_111', '9144089260');
INSERT INTO Customers (customer_id, name, contact) VALUES (112, 'Customer_112', '9306649273');
INSERT INTO Customers (customer_id, name, contact) VALUES (113, 'Customer_113', '9316485741');
INSERT INTO Customers (customer_id, name, contact) VALUES (114, 'Customer_114', '9446235989');
INSERT INTO Customers (customer_id, name, contact) VALUES (115, 'Customer_115', '9908008846');
INSERT INTO Customers (customer_id, name, contact) VALUES (116, 'Customer_116', '9991267343');
INSERT INTO Customers (customer_id, name, contact) VALUES (117, 'Customer_117', '9420855204');
INSERT INTO Customers (customer_id, name, contact) VALUES (118, 'Customer_118', '9691796761');
INSERT INTO Customers (customer_id, name, contact) VALUES (119, 'Customer_119', '9513968082');
INSERT INTO Customers (customer_id, name, contact) VALUES (120, 'Customer_120', '9951846488');
INSERT INTO Customers (customer_id, name, contact) VALUES (121, 'Customer_121', '9746574381');
INSERT INTO Customers (customer_id, name, contact) VALUES (122, 'Customer_122', '9841515544');
INSERT INTO Customers (customer_id, name, contact) VALUES (123, 'Customer_123', '9391353210');
INSERT INTO Customers (customer_id, name, contact) VALUES (124, 'Customer_124', '9802316204');
INSERT INTO Customers (customer_id, name, contact) VALUES (125, 'Customer_125', '9647722050');
INSERT INTO Customers (customer_id, name, contact) VALUES (126, 'Customer_126', '9703026508');
INSERT INTO Customers (customer_id, name, contact) VALUES (127, 'Customer_127', '9485336126');
INSERT INTO Customers (customer_id, name, contact) VALUES (128, 'Customer_128', '9758027436');
INSERT INTO Customers (customer_id, name, contact) VALUES (129, 'Customer_129', '9516687550');
INSERT INTO Customers (customer_id, name, contact) VALUES (130, 'Customer_130', '9444737144');
INSERT INTO Customers (customer_id, name, contact) VALUES (131, 'Customer_131', '9745199298');
INSERT INTO Customers (customer_id, name, contact) VALUES (132, 'Customer_132', '9919022220');
INSERT INTO Customers (customer_id, name, contact) VALUES (133, 'Customer_133', '9832497666');
INSERT INTO Customers (customer_id, name, contact) VALUES (134, 'Customer_134', '9216643436');
INSERT INTO Customers (customer_id, name, contact) VALUES (135, 'Customer_135', '9898216931');
INSERT INTO Customers (customer_id, name, contact) VALUES (136, 'Customer_136', '9544727907');
INSERT INTO Customers (customer_id, name, contact) VALUES (137, 'Customer_137', '9319465910');
INSERT INTO Customers (customer_id, name, contact) VALUES (138, 'Customer_138', '9841447475');
INSERT INTO Customers (customer_id, name, contact) VALUES (139, 'Customer_139', '9145512562');
INSERT INTO Customers (customer_id, name, contact) VALUES (140, 'Customer_140', '9462884214');
INSERT INTO Customers (customer_id, name, contact) VALUES (141, 'Customer_141', '9497595882');
INSERT INTO Customers (customer_id, name, contact) VALUES (142, 'Customer_142', '9447340671');
INSERT INTO Customers (customer_id, name, contact) VALUES (143, 'Customer_143', '9883112603');
INSERT INTO Customers (customer_id, name, contact) VALUES (144, 'Customer_144', '9504908382');
INSERT INTO Customers (customer_id, name, contact) VALUES (145, 'Customer_145', '9910382897');
INSERT INTO Customers (customer_id, name, contact) VALUES (146, 'Customer_146', '9428855791');
INSERT INTO Customers (customer_id, name, contact) VALUES (147, 'Customer_147', '9540392539');
INSERT INTO Customers (customer_id, name, contact) VALUES (148, 'Customer_148', '9850723083');
INSERT INTO Customers (customer_id, name, contact) VALUES (149, 'Customer_149', '9657756591');
INSERT INTO Customers (customer_id, name, contact) VALUES (150, 'Customer_150', '9639734283');
INSERT INTO Customers (customer_id, name, contact) VALUES (151, 'Customer_151', '9636048486');
INSERT INTO Customers (customer_id, name, contact) VALUES (152, 'Customer_152', '9844912861');
INSERT INTO Customers (customer_id, name, contact) VALUES (153, 'Customer_153', '9812872954');
INSERT INTO Customers (customer_id, name, contact) VALUES (154, 'Customer_154', '9236382073');
INSERT INTO Customers (customer_id, name, contact) VALUES (155, 'Customer_155', '9290334908');
INSERT INTO Customers (customer_id, name, contact) VALUES (156, 'Customer_156', '9284168168');
INSERT INTO Customers (customer_id, name, contact) VALUES (157, 'Customer_157', '9786945923');
INSERT INTO Customers (customer_id, name, contact) VALUES (158, 'Customer_158', '9515136672');
INSERT INTO Customers (customer_id, name, contact) VALUES (159, 'Customer_159', '9541800500');
INSERT INTO Customers (customer_id, name, contact) VALUES (160, 'Customer_160', '9324074216');
INSERT INTO Customers (customer_id, name, contact) VALUES (161, 'Customer_161', '9776669971');
INSERT INTO Customers (customer_id, name, contact) VALUES (162, 'Customer_162', '9539155060');
INSERT INTO Customers (customer_id, name, contact) VALUES (163, 'Customer_163', '9554227095');
INSERT INTO Customers (customer_id, name, contact) VALUES (164, 'Customer_164', '9389557603');
INSERT INTO Customers (customer_id, name, contact) VALUES (165, 'Customer_165', '9548482225');
INSERT INTO Customers (customer_id, name, contact) VALUES (166, 'Customer_166', '9956429770');
INSERT INTO Customers (customer_id, name, contact) VALUES (167, 'Customer_167', '9460249362');
INSERT INTO Customers (customer_id, name, contact) VALUES (168, 'Customer_168', '9601701633');
INSERT INTO Customers (customer_id, name, contact) VALUES (169, 'Customer_169', '9247036848');
INSERT INTO Customers (customer_id, name, contact) VALUES (170, 'Customer_170', '9896992481');
INSERT INTO Customers (customer_id, name, contact) VALUES (171, 'Customer_171', '9535180554');
INSERT INTO Customers (customer_id, name, contact) VALUES (172, 'Customer_172', '9862173176');
INSERT INTO Customers (customer_id, name, contact) VALUES (173, 'Customer_173', '9386427859');
INSERT INTO Customers (customer_id, name, contact) VALUES (174, 'Customer_174', '9957934579');
INSERT INTO Customers (customer_id, name, contact) VALUES (175, 'Customer_175', '9991846252');
INSERT INTO Customers (customer_id, name, contact) VALUES (176, 'Customer_176', '9778916973');
INSERT INTO Customers (customer_id, name, contact) VALUES (177, 'Customer_177', '9181191745');
INSERT INTO Customers (customer_id, name, contact) VALUES (178, 'Customer_178', '9655658207');
INSERT INTO Customers (customer_id, name, contact) VALUES (179, 'Customer_179', '9440597182');
INSERT INTO Customers (customer_id, name, contact) VALUES (180, 'Customer_180', '9524296951');
INSERT INTO Customers (customer_id, name, contact) VALUES (181, 'Customer_181', '9348581783');
INSERT INTO Customers (customer_id, name, contact) VALUES (182, 'Customer_182', '9824991279');
INSERT INTO Customers (customer_id, name, contact) VALUES (183, 'Customer_183', '9169615226');
INSERT INTO Customers (customer_id, name, contact) VALUES (184, 'Customer_184', '9920405220');
INSERT INTO Customers (customer_id, name, contact) VALUES (185, 'Customer_185', '9740627006');
INSERT INTO Customers (customer_id, name, contact) VALUES (186, 'Customer_186', '9405228617');
INSERT INTO Customers (customer_id, name, contact) VALUES (187, 'Customer_187', '9265951344');
INSERT INTO Customers (customer_id, name, contact) VALUES (188, 'Customer_188', '9426435010');
INSERT INTO Customers (customer_id, name, contact) VALUES (189, 'Customer_189', '9943893704');
INSERT INTO Customers (customer_id, name, contact) VALUES (190, 'Customer_190', '9958491747');
INSERT INTO Customers (customer_id, name, contact) VALUES (191, 'Customer_191', '9530795936');
INSERT INTO Customers (customer_id, name, contact) VALUES (192, 'Customer_192', '9340727738');
INSERT INTO Customers (customer_id, name, contact) VALUES (193, 'Customer_193', '9357016670');
INSERT INTO Customers (customer_id, name, contact) VALUES (194, 'Customer_194', '9917791446');
INSERT INTO Customers (customer_id, name, contact) VALUES (195, 'Customer_195', '9824765604');
INSERT INTO Customers (customer_id, name, contact) VALUES (196, 'Customer_196', '9726990311');
INSERT INTO Customers (customer_id, name, contact) VALUES (197, 'Customer_197', '9650238545');
INSERT INTO Customers (customer_id, name, contact) VALUES (198, 'Customer_198', '9110768441');
INSERT INTO Customers (customer_id, name, contact) VALUES (199, 'Customer_199', '9537470713');
INSERT INTO Customers (customer_id, name, contact) VALUES (200, 'Customer_200', '9365144483');

INSERT INTO Seats (flight_id, seat_no, status) VALUES (1, '1A', 'available');
INSERT INTO Seats (flight_id, seat_no, status) VALUES (1, '1B', 'available');
INSERT INTO Seats (flight_id, seat_no, status) VALUES (1, '1C', 'available');
INSERT INTO Seats (flight_id, seat_no, status) VALUES (1, '2A', 'available');
INSERT INTO Seats (flight_id, seat_no, status) VALUES (1, '2B', 'available');
INSERT INTO Seats (flight_id, seat_no, status) VALUES (1, '2C', 'available');
INSERT INTO Seats (flight_id, seat_no, status) VALUES (1, '3A', 'available');
INSERT INTO Seats (flight_id, seat_no, status) VALUES (1, '3B', 'available');
INSERT INTO Seats (flight_id, seat_no, status) VALUES (1, '3C', 'available');
INSERT INTO Seats (flight_id, seat_no, status) VALUES (1, '4A', 'available');
INSERT INTO Seats (flight_id, seat_no, status) VALUES (1, '4B', 'available');
INSERT INTO Seats (flight_id, seat_no, status) VALUES (1, '4C', 'available');
INSERT INTO Seats (flight_id, seat_no, status) VALUES (1, '5A', 'available');
INSERT INTO Seats (flight_id, seat_no, status) VALUES (1, '5B', 'available');
INSERT INTO Seats (flight_id, seat_no, status) VALUES (1, '5C', 'available');
INSERT INTO Seats (flight_id, seat_no, status) VALUES (1, '6A', 'available');
INSERT INTO Seats (flight_id, seat_no, status) VALUES (1, '6B', 'available');
INSERT INTO Seats (flight_id, seat_no, status) VALUES (1, '6C', 'available');
INSERT INTO Seats (flight_id, seat_no, status) VALUES (1, '7A', 'available');
INSERT INTO Seats (flight_id, seat_no, status) VALUES (1, '7B', 'available');
INSERT INTO Seats (flight_id, seat_no, status) VALUES (1, '7C', 'available');
INSERT INTO Seats (flight_id, seat_no, status) VALUES (1, '8A', 'available');
INSERT INTO Seats (flight_id, seat_no, status) VALUES (1, '8B', 'available');
INSERT INTO Seats (flight_id, seat_no, status) VALUES (1, '8C', 'available');
INSERT INTO Seats (flight_id, seat_no, status) VALUES (1, '9A', 'available');
INSERT INTO Seats (flight_id, seat_no, status) VALUES (1, '9B', 'available');
INSERT INTO Seats (flight_id, seat_no, status) VALUES (1, '9C', 'available');
INSERT INTO Seats (flight_id, seat_no, status) VALUES (1, '10A', 'available');
INSERT INTO Seats (flight_id, seat_no, status) VALUES (1, '10B', 'available');
INSERT INTO Seats (flight_id, seat_no, status) VALUES (1, '10C', 'available');
INSERT INTO Seats (flight_id, seat_no, status) VALUES (2, '1A', 'available');
INSERT INTO Seats (flight_id, seat_no, status) VALUES (2, '1B', 'available');
INSERT INTO Seats (flight_id, seat_no, status) VALUES (2, '1C', 'available');
INSERT INTO Seats (flight_id, seat_no, status) VALUES (2, '2A', 'available');
INSERT INTO Seats (flight_id, seat_no, status) VALUES (2, '2B', 'available');
INSERT INTO Seats (flight_id, seat_no, status) VALUES (2, '2C', 'available');
INSERT INTO Seats (flight_id, seat_no, status) VALUES (2, '3A', 'available');
INSERT INTO Seats (flight_id, seat_no, status) VALUES (2, '3B', 'available');
INSERT INTO Seats (flight_id, seat_no, status) VALUES (2, '3C', 'available');
INSERT INTO Seats (flight_id, seat_no, status) VALUES (2, '4A', 'available');
INSERT INTO Seats (flight_id, seat_no, status) VALUES (2, '4B', 'available');
INSERT INTO Seats (flight_id, seat_no, status) VALUES (2, '4C', 'available');
INSERT INTO Seats (flight_id, seat_no, status) VALUES (2, '5A', 'available');
INSERT INTO Seats (flight_id, seat_no, status) VALUES (2, '5B', 'available');
INSERT INTO Seats (flight_id, seat_no, status) VALUES (2, '5C', 'available');
INSERT INTO Seats (flight_id, seat_no, status) VALUES (2, '6A', 'available');
INSERT INTO Seats (flight_id, seat_no, status) VALUES (2, '6B', 'available');
INSERT INTO Seats (flight_id, seat_no, status) VALUES (2, '6C', 'available');
INSERT INTO Seats (flight_id, seat_no, status) VALUES (2, '7A', 'available');
INSERT INTO Seats (flight_id, seat_no, status) VALUES (2, '7B', 'available');
INSERT INTO Seats (flight_id, seat_no, status) VALUES (2, '7C', 'available');
INSERT INTO Seats (flight_id, seat_no, status) VALUES (2, '8A', 'available');
INSERT INTO Seats (flight_id, seat_no, status) VALUES (2, '8B', 'available');
INSERT INTO Seats (flight_id, seat_no, status) VALUES (2, '8C', 'available');
INSERT INTO Seats (flight_id, seat_no, status) VALUES (2, '9A', 'available');
INSERT INTO Seats (flight_id, seat_no, status) VALUES (2, '9B', 'available');
INSERT INTO Seats (flight_id, seat_no, status) VALUES (2, '9C', 'available');
INSERT INTO Seats (flight_id, seat_no, status) VALUES (2, '10A', 'available');
INSERT INTO Seats (flight_id, seat_no, status) VALUES (2, '10B', 'available');
INSERT INTO Seats (flight_id, seat_no, status) VALUES (2, '10C', 'available');
INSERT INTO Seats (flight_id, seat_no, status) VALUES (3, '1A', 'available');
INSERT INTO Seats (flight_id, seat_no, status) VALUES (3, '1B', 'available');
INSERT INTO Seats (flight_id, seat_no, status) VALUES (3, '1C', 'available');
INSERT INTO Seats (flight_id, seat_no, status) VALUES (3, '2A', 'available');
INSERT INTO Seats (flight_id, seat_no, status) VALUES (3, '2B', 'available');
INSERT INTO Seats (flight_id, seat_no, status) VALUES (3, '2C', 'available');
INSERT INTO Seats (flight_id, seat_no, status) VALUES (3, '3A', 'available');
INSERT INTO Seats (flight_id, seat_no, status) VALUES (3, '3B', 'available');
INSERT INTO Seats (flight_id, seat_no, status) VALUES (3, '3C', 'available');
INSERT INTO Seats (flight_id, seat_no, status) VALUES (3, '4A', 'available');
INSERT INTO Seats (flight_id, seat_no, status) VALUES (3, '4B', 'available');
INSERT INTO Seats (flight_id, seat_no, status) VALUES (3, '4C', 'available');
INSERT INTO Seats (flight_id, seat_no, status) VALUES (3, '5A', 'available');
INSERT INTO Seats (flight_id, seat_no, status) VALUES (3, '5B', 'available');
INSERT INTO Seats (flight_id, seat_no, status) VALUES (3, '5C', 'available');
INSERT INTO Seats (flight_id, seat_no, status) VALUES (3, '6A', 'available');
INSERT INTO Seats (flight_id, seat_no, status) VALUES (3, '6B', 'available');
INSERT INTO Seats (flight_id, seat_no, status) VALUES (3, '6C', 'available');
INSERT INTO Seats (flight_id, seat_no, status) VALUES (3, '7A', 'available');
INSERT INTO Seats (flight_id, seat_no, status) VALUES (3, '7B', 'available');
INSERT INTO Seats (flight_id, seat_no, status) VALUES (3, '7C', 'available');
INSERT INTO Seats (flight_id, seat_no, status) VALUES (3, '8A', 'available');
INSERT INTO Seats (flight_id, seat_no, status) VALUES (3, '8B', 'available');
INSERT INTO Seats (flight_id, seat_no, status) VALUES (3, '8C', 'available');
INSERT INTO Seats (flight_id, seat_no, status) VALUES (3, '9A', 'available');
INSERT INTO Seats (flight_id, seat_no, status) VALUES (3, '9B', 'available');
INSERT INTO Seats (flight_id, seat_no, status) VALUES (3, '9C', 'available');
INSERT INTO Seats (flight_id, seat_no, status) VALUES (3, '10A', 'available');
INSERT INTO Seats (flight_id, seat_no, status) VALUES (3, '10B', 'available');
INSERT INTO Seats (flight_id, seat_no, status) VALUES (3, '10C', 'available');
INSERT INTO Seats (flight_id, seat_no, status) VALUES (4, '1A', 'available');
INSERT INTO Seats (flight_id, seat_no, status) VALUES (4, '1B', 'available');
INSERT INTO Seats (flight_id, seat_no, status) VALUES (4, '1C', 'available');
INSERT INTO Seats (flight_id, seat_no, status) VALUES (4, '2A', 'available');
INSERT INTO Seats (flight_id, seat_no, status) VALUES (4, '2B', 'available');
INSERT INTO Seats (flight_id, seat_no, status) VALUES (4, '2C', 'available');
INSERT INTO Seats (flight_id, seat_no, status) VALUES (4, '3A', 'available');
INSERT INTO Seats (flight_id, seat_no, status) VALUES (4, '3B', 'available');
INSERT INTO Seats (flight_id, seat_no, status) VALUES (4, '3C', 'available');
INSERT INTO Seats (flight_id, seat_no, status) VALUES (4, '4A', 'available');
INSERT INTO Seats (flight_id, seat_no, status) VALUES (4, '4B', 'available');
INSERT INTO Seats (flight_id, seat_no, status) VALUES (4, '4C', 'available');
INSERT INTO Seats (flight_id, seat_no, status) VALUES (4, '5A', 'available');
INSERT INTO Seats (flight_id, seat_no, status) VALUES (4, '5B', 'available');
INSERT INTO Seats (flight_id, seat_no, status) VALUES (4, '5C', 'available');
INSERT INTO Seats (flight_id, seat_no, status) VALUES (4, '6A', 'available');
INSERT INTO Seats (flight_id, seat_no, status) VALUES (4, '6B', 'available');
INSERT INTO Seats (flight_id, seat_no, status) VALUES (4, '6C', 'available');
INSERT INTO Seats (flight_id, seat_no, status) VALUES (4, '7A', 'available');
INSERT INTO Seats (flight_id, seat_no, status) VALUES (4, '7B', 'available');
INSERT INTO Seats (flight_id, seat_no, status) VALUES (4, '7C', 'available');
INSERT INTO Seats (flight_id, seat_no, status) VALUES (4, '8A', 'available');
INSERT INTO Seats (flight_id, seat_no, status) VALUES (4, '8B', 'available');
INSERT INTO Seats (flight_id, seat_no, status) VALUES (4, '8C', 'available');
INSERT INTO Seats (flight_id, seat_no, status) VALUES (4, '9A', 'available');
INSERT INTO Seats (flight_id, seat_no, status) VALUES (4, '9B', 'available');
INSERT INTO Seats (flight_id, seat_no, status) VALUES (4, '9C', 'available');
INSERT INTO Seats (flight_id, seat_no, status) VALUES (4, '10A', 'available');
INSERT INTO Seats (flight_id, seat_no, status) VALUES (4, '10B', 'available');
INSERT INTO Seats (flight_id, seat_no, status) VALUES (4, '10C', 'available');
INSERT INTO Seats (flight_id, seat_no, status) VALUES (5, '1A', 'available');
INSERT INTO Seats (flight_id, seat_no, status) VALUES (5, '1B', 'available');
INSERT INTO Seats (flight_id, seat_no, status) VALUES (5, '1C', 'available');
INSERT INTO Seats (flight_id, seat_no, status) VALUES (5, '2A', 'available');
INSERT INTO Seats (flight_id, seat_no, status) VALUES (5, '2B', 'available');
INSERT INTO Seats (flight_id, seat_no, status) VALUES (5, '2C', 'available');
INSERT INTO Seats (flight_id, seat_no, status) VALUES (5, '3A', 'available');
INSERT INTO Seats (flight_id, seat_no, status) VALUES (5, '3B', 'available');
INSERT INTO Seats (flight_id, seat_no, status) VALUES (5, '3C', 'available');
INSERT INTO Seats (flight_id, seat_no, status) VALUES (5, '4A', 'available');
INSERT INTO Seats (flight_id, seat_no, status) VALUES (5, '4B', 'available');
INSERT INTO Seats (flight_id, seat_no, status) VALUES (5, '4C', 'available');
INSERT INTO Seats (flight_id, seat_no, status) VALUES (5, '5A', 'available');
INSERT INTO Seats (flight_id, seat_no, status) VALUES (5, '5B', 'available');
INSERT INTO Seats (flight_id, seat_no, status) VALUES (5, '5C', 'available');
INSERT INTO Seats (flight_id, seat_no, status) VALUES (5, '6A', 'available');
INSERT INTO Seats (flight_id, seat_no, status) VALUES (5, '6B', 'available');
INSERT INTO Seats (flight_id, seat_no, status) VALUES (5, '6C', 'available');
INSERT INTO Seats (flight_id, seat_no, status) VALUES (5, '7A', 'available');
INSERT INTO Seats (flight_id, seat_no, status) VALUES (5, '7B', 'available');
INSERT INTO Seats (flight_id, seat_no, status) VALUES (5, '7C', 'available');
INSERT INTO Seats (flight_id, seat_no, status) VALUES (5, '8A', 'available');
INSERT INTO Seats (flight_id, seat_no, status) VALUES (5, '8B', 'available');
INSERT INTO Seats (flight_id, seat_no, status) VALUES (5, '8C', 'available');
INSERT INTO Seats (flight_id, seat_no, status) VALUES (5, '9A', 'available');
INSERT INTO Seats (flight_id, seat_no, status) VALUES (5, '9B', 'available');
INSERT INTO Seats (flight_id, seat_no, status) VALUES (5, '9C', 'available');
INSERT INTO Seats (flight_id, seat_no, status) VALUES (5, '10A', 'available');
INSERT INTO Seats (flight_id, seat_no, status) VALUES (5, '10B', 'available');
INSERT INTO Seats (flight_id, seat_no, status) VALUES (5, '10C', 'available');
INSERT INTO Seats (flight_id, seat_no, status) VALUES (6, '1A', 'available');
INSERT INTO Seats (flight_id, seat_no, status) VALUES (6, '1B', 'available');
INSERT INTO Seats (flight_id, seat_no, status) VALUES (6, '1C', 'available');
INSERT INTO Seats (flight_id, seat_no, status) VALUES (6, '2A', 'available');
INSERT INTO Seats (flight_id, seat_no, status) VALUES (6, '2B', 'available');
INSERT INTO Seats (flight_id, seat_no, status) VALUES (6, '2C', 'available');
INSERT INTO Seats (flight_id, seat_no, status) VALUES (6, '3A', 'available');
INSERT INTO Seats (flight_id, seat_no, status) VALUES (6, '3B', 'available');
INSERT INTO Seats (flight_id, seat_no, status) VALUES (6, '3C', 'available');
INSERT INTO Seats (flight_id, seat_no, status) VALUES (6, '4A', 'available');
INSERT INTO Seats (flight_id, seat_no, status) VALUES (6, '4B', 'available');
INSERT INTO Seats (flight_id, seat_no, status) VALUES (6, '4C', 'available');
INSERT INTO Seats (flight_id, seat_no, status) VALUES (6, '5A', 'available');
INSERT INTO Seats (flight_id, seat_no, status) VALUES (6, '5B', 'available');
INSERT INTO Seats (flight_id, seat_no, status) VALUES (6, '5C', 'available');
INSERT INTO Seats (flight_id, seat_no, status) VALUES (6, '6A', 'available');
INSERT INTO Seats (flight_id, seat_no, status) VALUES (6, '6B', 'available');
INSERT INTO Seats (flight_id, seat_no, status) VALUES (6, '6C', 'available');
INSERT INTO Seats (flight_id, seat_no, status) VALUES (6, '7A', 'available');
INSERT INTO Seats (flight_id, seat_no, status) VALUES (6, '7B', 'available');
INSERT INTO Seats (flight_id, seat_no, status) VALUES (6, '7C', 'available');
INSERT INTO Seats (flight_id, seat_no, status) VALUES (6, '8A', 'available');
INSERT INTO Seats (flight_id, seat_no, status) VALUES (6, '8B', 'available');
INSERT INTO Seats (flight_id, seat_no, status) VALUES (6, '8C', 'available');
INSERT INTO Seats (flight_id, seat_no, status) VALUES (6, '9A', 'available');
INSERT INTO Seats (flight_id, seat_no, status) VALUES (6, '9B', 'available');
INSERT INTO Seats (flight_id, seat_no, status) VALUES (6, '9C', 'available');
INSERT INTO Seats (flight_id, seat_no, status) VALUES (6, '10A', 'available');
INSERT INTO Seats (flight_id, seat_no, status) VALUES (6, '10B', 'available');
INSERT INTO Seats (flight_id, seat_no, status) VALUES (6, '10C', 'available');
INSERT INTO Seats (flight_id, seat_no, status) VALUES (7, '1A', 'available');
INSERT INTO Seats (flight_id, seat_no, status) VALUES (7, '1B', 'available');
INSERT INTO Seats (flight_id, seat_no, status) VALUES (7, '1C', 'available');
INSERT INTO Seats (flight_id, seat_no, status) VALUES (7, '2A', 'available');
INSERT INTO Seats (flight_id, seat_no, status) VALUES (7, '2B', 'available');
INSERT INTO Seats (flight_id, seat_no, status) VALUES (7, '2C', 'available');
INSERT INTO Seats (flight_id, seat_no, status) VALUES (7, '3A', 'available');
INSERT INTO Seats (flight_id, seat_no, status) VALUES (7, '3B', 'available');
INSERT INTO Seats (flight_id, seat_no, status) VALUES (7, '3C', 'available');
INSERT INTO Seats (flight_id, seat_no, status) VALUES (7, '4A', 'available');
INSERT INTO Seats (flight_id, seat_no, status) VALUES (7, '4B', 'available');
INSERT INTO Seats (flight_id, seat_no, status) VALUES (7, '4C', 'available');
INSERT INTO Seats (flight_id, seat_no, status) VALUES (7, '5A', 'available');
INSERT INTO Seats (flight_id, seat_no, status) VALUES (7, '5B', 'available');
INSERT INTO Seats (flight_id, seat_no, status) VALUES (7, '5C', 'available');
INSERT INTO Seats (flight_id, seat_no, status) VALUES (7, '6A', 'available');
INSERT INTO Seats (flight_id, seat_no, status) VALUES (7, '6B', 'available');
INSERT INTO Seats (flight_id, seat_no, status) VALUES (7, '6C', 'available');
INSERT INTO Seats (flight_id, seat_no, status) VALUES (7, '7A', 'available');
INSERT INTO Seats (flight_id, seat_no, status) VALUES (7, '7B', 'available');
INSERT INTO Seats (flight_id, seat_no, status) VALUES (7, '7C', 'available');
INSERT INTO Seats (flight_id, seat_no, status) VALUES (7, '8A', 'available');
INSERT INTO Seats (flight_id, seat_no, status) VALUES (7, '8B', 'available');
INSERT INTO Seats (flight_id, seat_no, status) VALUES (7, '8C', 'available');
INSERT INTO Seats (flight_id, seat_no, status) VALUES (7, '9A', 'available');
INSERT INTO Seats (flight_id, seat_no, status) VALUES (7, '9B', 'available');
INSERT INTO Seats (flight_id, seat_no, status) VALUES (7, '9C', 'available');
INSERT INTO Seats (flight_id, seat_no, status) VALUES (7, '10A', 'available');
INSERT INTO Seats (flight_id, seat_no, status) VALUES (7, '10B', 'available');
INSERT INTO Seats (flight_id, seat_no, status) VALUES (7, '10C', 'available');
INSERT INTO Seats (flight_id, seat_no, status) VALUES (8, '1A', 'available');
INSERT INTO Seats (flight_id, seat_no, status) VALUES (8, '1B', 'available');
INSERT INTO Seats (flight_id, seat_no, status) VALUES (8, '1C', 'available');
INSERT INTO Seats (flight_id, seat_no, status) VALUES (8, '2A', 'available');
INSERT INTO Seats (flight_id, seat_no, status) VALUES (8, '2B', 'available');
INSERT INTO Seats (flight_id, seat_no, status) VALUES (8, '2C', 'available');
INSERT INTO Seats (flight_id, seat_no, status) VALUES (8, '3A', 'available');
INSERT INTO Seats (flight_id, seat_no, status) VALUES (8, '3B', 'available');
INSERT INTO Seats (flight_id, seat_no, status) VALUES (8, '3C', 'available');
INSERT INTO Seats (flight_id, seat_no, status) VALUES (8, '4A', 'available');
INSERT INTO Seats (flight_id, seat_no, status) VALUES (8, '4B', 'available');
INSERT INTO Seats (flight_id, seat_no, status) VALUES (8, '4C', 'available');
INSERT INTO Seats (flight_id, seat_no, status) VALUES (8, '5A', 'available');
INSERT INTO Seats (flight_id, seat_no, status) VALUES (8, '5B', 'available');
INSERT INTO Seats (flight_id, seat_no, status) VALUES (8, '5C', 'available');
INSERT INTO Seats (flight_id, seat_no, status) VALUES (8, '6A', 'available');
INSERT INTO Seats (flight_id, seat_no, status) VALUES (8, '6B', 'available');
INSERT INTO Seats (flight_id, seat_no, status) VALUES (8, '6C', 'available');
INSERT INTO Seats (flight_id, seat_no, status) VALUES (8, '7A', 'available');
INSERT INTO Seats (flight_id, seat_no, status) VALUES (8, '7B', 'available');
INSERT INTO Seats (flight_id, seat_no, status) VALUES (8, '7C', 'available');
INSERT INTO Seats (flight_id, seat_no, status) VALUES (8, '8A', 'available');
INSERT INTO Seats (flight_id, seat_no, status) VALUES (8, '8B', 'available');
INSERT INTO Seats (flight_id, seat_no, status) VALUES (8, '8C', 'available');
INSERT INTO Seats (flight_id, seat_no, status) VALUES (8, '9A', 'available');
INSERT INTO Seats (flight_id, seat_no, status) VALUES (8, '9B', 'available');
INSERT INTO Seats (flight_id, seat_no, status) VALUES (8, '9C', 'available');
INSERT INTO Seats (flight_id, seat_no, status) VALUES (8, '10A', 'available');
INSERT INTO Seats (flight_id, seat_no, status) VALUES (8, '10B', 'available');
INSERT INTO Seats (flight_id, seat_no, status) VALUES (8, '10C', 'available');
INSERT INTO Seats (flight_id, seat_no, status) VALUES (9, '1A', 'available');
INSERT INTO Seats (flight_id, seat_no, status) VALUES (9, '1B', 'available');
INSERT INTO Seats (flight_id, seat_no, status) VALUES (9, '1C', 'available');
INSERT INTO Seats (flight_id, seat_no, status) VALUES (9, '2A', 'available');
INSERT INTO Seats (flight_id, seat_no, status) VALUES (9, '2B', 'available');
INSERT INTO Seats (flight_id, seat_no, status) VALUES (9, '2C', 'available');
INSERT INTO Seats (flight_id, seat_no, status) VALUES (9, '3A', 'available');
INSERT INTO Seats (flight_id, seat_no, status) VALUES (9, '3B', 'available');
INSERT INTO Seats (flight_id, seat_no, status) VALUES (9, '3C', 'available');
INSERT INTO Seats (flight_id, seat_no, status) VALUES (9, '4A', 'available');
INSERT INTO Seats (flight_id, seat_no, status) VALUES (9, '4B', 'available');
INSERT INTO Seats (flight_id, seat_no, status) VALUES (9, '4C', 'available');
INSERT INTO Seats (flight_id, seat_no, status) VALUES (9, '5A', 'available');
INSERT INTO Seats (flight_id, seat_no, status) VALUES (9, '5B', 'available');
INSERT INTO Seats (flight_id, seat_no, status) VALUES (9, '5C', 'available');
INSERT INTO Seats (flight_id, seat_no, status) VALUES (9, '6A', 'available');
INSERT INTO Seats (flight_id, seat_no, status) VALUES (9, '6B', 'available');
INSERT INTO Seats (flight_id, seat_no, status) VALUES (9, '6C', 'available');
INSERT INTO Seats (flight_id, seat_no, status) VALUES (9, '7A', 'available');
INSERT INTO Seats (flight_id, seat_no, status) VALUES (9, '7B', 'available');
INSERT INTO Seats (flight_id, seat_no, status) VALUES (9, '7C', 'available');
INSERT INTO Seats (flight_id, seat_no, status) VALUES (9, '8A', 'available');
INSERT INTO Seats (flight_id, seat_no, status) VALUES (9, '8B', 'available');
INSERT INTO Seats (flight_id, seat_no, status) VALUES (9, '8C', 'available');
INSERT INTO Seats (flight_id, seat_no, status) VALUES (9, '9A', 'available');
INSERT INTO Seats (flight_id, seat_no, status) VALUES (9, '9B', 'available');
INSERT INTO Seats (flight_id, seat_no, status) VALUES (9, '9C', 'available');
INSERT INTO Seats (flight_id, seat_no, status) VALUES (9, '10A', 'available');
INSERT INTO Seats (flight_id, seat_no, status) VALUES (9, '10B', 'available');
INSERT INTO Seats (flight_id, seat_no, status) VALUES (9, '10C', 'available');
INSERT INTO Seats (flight_id, seat_no, status) VALUES (10, '1A', 'available');
INSERT INTO Seats (flight_id, seat_no, status) VALUES (10, '1B', 'available');
INSERT INTO Seats (flight_id, seat_no, status) VALUES (10, '1C', 'available');
INSERT INTO Seats (flight_id, seat_no, status) VALUES (10, '2A', 'available');
INSERT INTO Seats (flight_id, seat_no, status) VALUES (10, '2B', 'available');
INSERT INTO Seats (flight_id, seat_no, status) VALUES (10, '2C', 'available');
INSERT INTO Seats (flight_id, seat_no, status) VALUES (10, '3A', 'available');
INSERT INTO Seats (flight_id, seat_no, status) VALUES (10, '3B', 'available');
INSERT INTO Seats (flight_id, seat_no, status) VALUES (10, '3C', 'available');
INSERT INTO Seats (flight_id, seat_no, status) VALUES (10, '4A', 'available');
INSERT INTO Seats (flight_id, seat_no, status) VALUES (10, '4B', 'available');
INSERT INTO Seats (flight_id, seat_no, status) VALUES (10, '4C', 'available');
INSERT INTO Seats (flight_id, seat_no, status) VALUES (10, '5A', 'available');
INSERT INTO Seats (flight_id, seat_no, status) VALUES (10, '5B', 'available');
INSERT INTO Seats (flight_id, seat_no, status) VALUES (10, '5C', 'available');
INSERT INTO Seats (flight_id, seat_no, status) VALUES (10, '6A', 'available');
INSERT INTO Seats (flight_id, seat_no, status) VALUES (10, '6B', 'available');
INSERT INTO Seats (flight_id, seat_no, status) VALUES (10, '6C', 'available');
INSERT INTO Seats (flight_id, seat_no, status) VALUES (10, '7A', 'available');
INSERT INTO Seats (flight_id, seat_no, status) VALUES (10, '7B', 'available');
INSERT INTO Seats (flight_id, seat_no, status) VALUES (10, '7C', 'available');
INSERT INTO Seats (flight_id, seat_no, status) VALUES (10, '8A', 'available');
INSERT INTO Seats (flight_id, seat_no, status) VALUES (10, '8B', 'available');
INSERT INTO Seats (flight_id, seat_no, status) VALUES (10, '8C', 'available');
INSERT INTO Seats (flight_id, seat_no, status) VALUES (10, '9A', 'available');
INSERT INTO Seats (flight_id, seat_no, status) VALUES (10, '9B', 'available');
INSERT INTO Seats (flight_id, seat_no, status) VALUES (10, '9C', 'available');
INSERT INTO Seats (flight_id, seat_no, status) VALUES (10, '10A', 'available');
INSERT INTO Seats (flight_id, seat_no, status) VALUES (10, '10B', 'available');
INSERT INTO Seats (flight_id, seat_no, status) VALUES (10, '10C', 'available');

INSERT INTO Bookings (booking_id, flight_id, customer_id, seat_no, status) VALUES (1, 2, 168, '8C', 'booked');
INSERT INTO Bookings (booking_id, flight_id, customer_id, seat_no, status) VALUES (2, 5, 158, '1C', 'cancelled');
INSERT INTO Bookings (booking_id, flight_id, customer_id, seat_no, status) VALUES (3, 7, 149, '7A', 'booked');
INSERT INTO Bookings (booking_id, flight_id, customer_id, seat_no, status) VALUES (4, 8, 159, '2C', 'booked');
INSERT INTO Bookings (booking_id, flight_id, customer_id, seat_no, status) VALUES (5, 9, 92, '1C', 'booked');
INSERT INTO Bookings (booking_id, flight_id, customer_id, seat_no, status) VALUES (6, 1, 59, '2A', 'cancelled');
INSERT INTO Bookings (booking_id, flight_id, customer_id, seat_no, status) VALUES (7, 5, 190, '6C', 'cancelled');
INSERT INTO Bookings (booking_id, flight_id, customer_id, seat_no, status) VALUES (8, 3, 40, '8B', 'cancelled');
INSERT INTO Bookings (booking_id, flight_id, customer_id, seat_no, status) VALUES (9, 5, 189, '7B', 'cancelled');
INSERT INTO Bookings (booking_id, flight_id, customer_id, seat_no, status) VALUES (10, 1, 88, '3C', 'booked');
INSERT INTO Bookings (booking_id, flight_id, customer_id, seat_no, status) VALUES (11, 1, 75, '9C', 'cancelled');
INSERT INTO Bookings (booking_id, flight_id, customer_id, seat_no, status) VALUES (12, 7, 109, '10A', 'cancelled');
INSERT INTO Bookings (booking_id, flight_id, customer_id, seat_no, status) VALUES (13, 1, 162, '8C', 'booked');
INSERT INTO Bookings (booking_id, flight_id, customer_id, seat_no, status) VALUES (14, 9, 118, '10B', 'booked');
INSERT INTO Bookings (booking_id, flight_id, customer_id, seat_no, status) VALUES (15, 1, 13, '9C', 'cancelled');
INSERT INTO Bookings (booking_id, flight_id, customer_id, seat_no, status) VALUES (16, 3, 54, '7C', 'cancelled');
INSERT INTO Bookings (booking_id, flight_id, customer_id, seat_no, status) VALUES (17, 4, 89, '6A', 'booked');
INSERT INTO Bookings (booking_id, flight_id, customer_id, seat_no, status) VALUES (18, 8, 72, '10B', 'cancelled');
INSERT INTO Bookings (booking_id, flight_id, customer_id, seat_no, status) VALUES (19, 3, 17, '2A', 'booked');
INSERT INTO Bookings (booking_id, flight_id, customer_id, seat_no, status) VALUES (20, 7, 79, '5A', 'cancelled');
INSERT INTO Bookings (booking_id, flight_id, customer_id, seat_no, status) VALUES (21, 4, 123, '8C', 'cancelled');
INSERT INTO Bookings (booking_id, flight_id, customer_id, seat_no, status) VALUES (22, 4, 122, '5A', 'booked');
INSERT INTO Bookings (booking_id, flight_id, customer_id, seat_no, status) VALUES (23, 10, 197, '9C', 'booked');
INSERT INTO Bookings (booking_id, flight_id, customer_id, seat_no, status) VALUES (24, 4, 78, '5A', 'cancelled');
INSERT INTO Bookings (booking_id, flight_id, customer_id, seat_no, status) VALUES (25, 4, 35, '10B', 'booked');
INSERT INTO Bookings (booking_id, flight_id, customer_id, seat_no, status) VALUES (26, 8, 21, '9C', 'booked');
INSERT INTO Bookings (booking_id, flight_id, customer_id, seat_no, status) VALUES (27, 5, 83, '5A', 'booked');
INSERT INTO Bookings (booking_id, flight_id, customer_id, seat_no, status) VALUES (28, 2, 160, '8B', 'booked');
INSERT INTO Bookings (booking_id, flight_id, customer_id, seat_no, status) VALUES (29, 8, 154, '5B', 'cancelled');
INSERT INTO Bookings (booking_id, flight_id, customer_id, seat_no, status) VALUES (30, 10, 192, '3C', 'cancelled');
INSERT INTO Bookings (booking_id, flight_id, customer_id, seat_no, status) VALUES (31, 9, 59, '9B', 'booked');
INSERT INTO Bookings (booking_id, flight_id, customer_id, seat_no, status) VALUES (32, 3, 99, '6A', 'booked');
INSERT INTO Bookings (booking_id, flight_id, customer_id, seat_no, status) VALUES (33, 6, 61, '6C', 'cancelled');
INSERT INTO Bookings (booking_id, flight_id, customer_id, seat_no, status) VALUES (34, 9, 65, '3B', 'booked');
INSERT INTO Bookings (booking_id, flight_id, customer_id, seat_no, status) VALUES (35, 10, 81, '1C', 'booked');
INSERT INTO Bookings (booking_id, flight_id, customer_id, seat_no, status) VALUES (36, 7, 84, '10A', 'cancelled');
INSERT INTO Bookings (booking_id, flight_id, customer_id, seat_no, status) VALUES (37, 4, 126, '2B', 'cancelled');
INSERT INTO Bookings (booking_id, flight_id, customer_id, seat_no, status) VALUES (38, 3, 40, '3B', 'cancelled');
INSERT INTO Bookings (booking_id, flight_id, customer_id, seat_no, status) VALUES (39, 5, 118, '8C', 'cancelled');
INSERT INTO Bookings (booking_id, flight_id, customer_id, seat_no, status) VALUES (40, 4, 132, '9A', 'booked');
INSERT INTO Bookings (booking_id, flight_id, customer_id, seat_no, status) VALUES (41, 5, 7, '2B', 'cancelled');
INSERT INTO Bookings (booking_id, flight_id, customer_id, seat_no, status) VALUES (42, 10, 172, '6A', 'booked');
INSERT INTO Bookings (booking_id, flight_id, customer_id, seat_no, status) VALUES (43, 9, 27, '10C', 'cancelled');
INSERT INTO Bookings (booking_id, flight_id, customer_id, seat_no, status) VALUES (44, 6, 131, '6B', 'booked');
INSERT INTO Bookings (booking_id, flight_id, customer_id, seat_no, status) VALUES (45, 9, 1, '6A', 'cancelled');
INSERT INTO Bookings (booking_id, flight_id, customer_id, seat_no, status) VALUES (46, 4, 5, '9B', 'booked');
INSERT INTO Bookings (booking_id, flight_id, customer_id, seat_no, status) VALUES (47, 4, 48, '9C', 'booked');
INSERT INTO Bookings (booking_id, flight_id, customer_id, seat_no, status) VALUES (48, 9, 163, '6B', 'cancelled');
INSERT INTO Bookings (booking_id, flight_id, customer_id, seat_no, status) VALUES (49, 9, 163, '6C', 'booked');
INSERT INTO Bookings (booking_id, flight_id, customer_id, seat_no, status) VALUES (50, 4, 122, '4B', 'cancelled');
INSERT INTO Bookings (booking_id, flight_id, customer_id, seat_no, status) VALUES (51, 2, 195, '6C', 'cancelled');
INSERT INTO Bookings (booking_id, flight_id, customer_id, seat_no, status) VALUES (52, 10, 53, '9C', 'booked');
INSERT INTO Bookings (booking_id, flight_id, customer_id, seat_no, status) VALUES (53, 1, 149, '2A', 'booked');
INSERT INTO Bookings (booking_id, flight_id, customer_id, seat_no, status) VALUES (54, 8, 194, '1C', 'booked');
INSERT INTO Bookings (booking_id, flight_id, customer_id, seat_no, status) VALUES (55, 4, 30, '10B', 'booked');
INSERT INTO Bookings (booking_id, flight_id, customer_id, seat_no, status) VALUES (56, 9, 187, '3A', 'booked');
INSERT INTO Bookings (booking_id, flight_id, customer_id, seat_no, status) VALUES (57, 10, 87, '2A', 'booked');
INSERT INTO Bookings (booking_id, flight_id, customer_id, seat_no, status) VALUES (58, 3, 148, '8A', 'cancelled');
INSERT INTO Bookings (booking_id, flight_id, customer_id, seat_no, status) VALUES (59, 7, 22, '10C', 'cancelled');
INSERT INTO Bookings (booking_id, flight_id, customer_id, seat_no, status) VALUES (60, 6, 131, '6A', 'booked');
INSERT INTO Bookings (booking_id, flight_id, customer_id, seat_no, status) VALUES (61, 5, 104, '9C', 'booked');
INSERT INTO Bookings (booking_id, flight_id, customer_id, seat_no, status) VALUES (62, 6, 21, '6A', 'cancelled');
INSERT INTO Bookings (booking_id, flight_id, customer_id, seat_no, status) VALUES (63, 4, 153, '5B', 'cancelled');
INSERT INTO Bookings (booking_id, flight_id, customer_id, seat_no, status) VALUES (64, 9, 113, '2C', 'cancelled');
INSERT INTO Bookings (booking_id, flight_id, customer_id, seat_no, status) VALUES (65, 8, 57, '1A', 'booked');
INSERT INTO Bookings (booking_id, flight_id, customer_id, seat_no, status) VALUES (66, 6, 181, '6C', 'cancelled');
INSERT INTO Bookings (booking_id, flight_id, customer_id, seat_no, status) VALUES (67, 3, 137, '9C', 'booked');
INSERT INTO Bookings (booking_id, flight_id, customer_id, seat_no, status) VALUES (68, 5, 77, '5C', 'booked');
INSERT INTO Bookings (booking_id, flight_id, customer_id, seat_no, status) VALUES (69, 3, 142, '1C', 'booked');
INSERT INTO Bookings (booking_id, flight_id, customer_id, seat_no, status) VALUES (70, 1, 97, '6B', 'cancelled');
INSERT INTO Bookings (booking_id, flight_id, customer_id, seat_no, status) VALUES (71, 4, 82, '1A', 'cancelled');
INSERT INTO Bookings (booking_id, flight_id, customer_id, seat_no, status) VALUES (72, 8, 102, '8B', 'cancelled');
INSERT INTO Bookings (booking_id, flight_id, customer_id, seat_no, status) VALUES (73, 9, 181, '6C', 'booked');
INSERT INTO Bookings (booking_id, flight_id, customer_id, seat_no, status) VALUES (74, 10, 200, '9C', 'booked');
INSERT INTO Bookings (booking_id, flight_id, customer_id, seat_no, status) VALUES (75, 4, 165, '9A', 'booked');
INSERT INTO Bookings (booking_id, flight_id, customer_id, seat_no, status) VALUES (76, 5, 80, '5B', 'cancelled');
INSERT INTO Bookings (booking_id, flight_id, customer_id, seat_no, status) VALUES (77, 9, 182, '9A', 'cancelled');
INSERT INTO Bookings (booking_id, flight_id, customer_id, seat_no, status) VALUES (78, 2, 146, '3C', 'cancelled');
INSERT INTO Bookings (booking_id, flight_id, customer_id, seat_no, status) VALUES (79, 4, 172, '5A', 'cancelled');
INSERT INTO Bookings (booking_id, flight_id, customer_id, seat_no, status) VALUES (80, 6, 162, '8C', 'cancelled');
INSERT INTO Bookings (booking_id, flight_id, customer_id, seat_no, status) VALUES (81, 4, 25, '2B', 'booked');
INSERT INTO Bookings (booking_id, flight_id, customer_id, seat_no, status) VALUES (82, 7, 59, '10A', 'booked');
INSERT INTO Bookings (booking_id, flight_id, customer_id, seat_no, status) VALUES (83, 4, 112, '4A', 'cancelled');
INSERT INTO Bookings (booking_id, flight_id, customer_id, seat_no, status) VALUES (84, 1, 155, '6A', 'booked');
INSERT INTO Bookings (booking_id, flight_id, customer_id, seat_no, status) VALUES (85, 7, 4, '3B', 'cancelled');
INSERT INTO Bookings (booking_id, flight_id, customer_id, seat_no, status) VALUES (86, 3, 80, '5A', 'cancelled');
INSERT INTO Bookings (booking_id, flight_id, customer_id, seat_no, status) VALUES (87, 6, 193, '6C', 'cancelled');
INSERT INTO Bookings (booking_id, flight_id, customer_id, seat_no, status) VALUES (88, 4, 172, '8B', 'cancelled');
INSERT INTO Bookings (booking_id, flight_id, customer_id, seat_no, status) VALUES (89, 4, 76, '10C', 'booked');
INSERT INTO Bookings (booking_id, flight_id, customer_id, seat_no, status) VALUES (90, 9, 163, '5A', 'cancelled');
INSERT INTO Bookings (booking_id, flight_id, customer_id, seat_no, status) VALUES (91, 10, 36, '4C', 'cancelled');
INSERT INTO Bookings (booking_id, flight_id, customer_id, seat_no, status) VALUES (92, 9, 122, '5B', 'cancelled');
INSERT INTO Bookings (booking_id, flight_id, customer_id, seat_no, status) VALUES (93, 7, 87, '9C', 'booked');
INSERT INTO Bookings (booking_id, flight_id, customer_id, seat_no, status) VALUES (94, 8, 72, '4B', 'booked');
INSERT INTO Bookings (booking_id, flight_id, customer_id, seat_no, status) VALUES (95, 9, 171, '6A', 'cancelled');
INSERT INTO Bookings (booking_id, flight_id, customer_id, seat_no, status) VALUES (96, 1, 50, '9C', 'cancelled');
INSERT INTO Bookings (booking_id, flight_id, customer_id, seat_no, status) VALUES (97, 2, 26, '4C', 'cancelled');
INSERT INTO Bookings (booking_id, flight_id, customer_id, seat_no, status) VALUES (98, 5, 132, '4A', 'booked');
INSERT INTO Bookings (booking_id, flight_id, customer_id, seat_no, status) VALUES (99, 8, 132, '4C', 'booked');
INSERT INTO Bookings (booking_id, flight_id, customer_id, seat_no, status) VALUES (100, 9, 33, '2C', 'booked');
INSERT INTO Bookings (booking_id, flight_id, customer_id, seat_no, status) VALUES (101, 1, 170, '9B', 'booked');
INSERT INTO Bookings (booking_id, flight_id, customer_id, seat_no, status) VALUES (102, 6, 151, '5C', 'cancelled');
INSERT INTO Bookings (booking_id, flight_id, customer_id, seat_no, status) VALUES (103, 9, 12, '10C', 'booked');
INSERT INTO Bookings (booking_id, flight_id, customer_id, seat_no, status) VALUES (104, 2, 120, '7C', 'booked');
INSERT INTO Bookings (booking_id, flight_id, customer_id, seat_no, status) VALUES (105, 6, 195, '7A', 'cancelled');
INSERT INTO Bookings (booking_id, flight_id, customer_id, seat_no, status) VALUES (106, 3, 68, '9B', 'booked');
INSERT INTO Bookings (booking_id, flight_id, customer_id, seat_no, status) VALUES (107, 1, 96, '2A', 'booked');
INSERT INTO Bookings (booking_id, flight_id, customer_id, seat_no, status) VALUES (108, 7, 103, '3C', 'booked');
INSERT INTO Bookings (booking_id, flight_id, customer_id, seat_no, status) VALUES (109, 7, 90, '4B', 'booked');
INSERT INTO Bookings (booking_id, flight_id, customer_id, seat_no, status) VALUES (110, 9, 193, '5C', 'cancelled');
INSERT INTO Bookings (booking_id, flight_id, customer_id, seat_no, status) VALUES (111, 1, 20, '1B', 'cancelled');
INSERT INTO Bookings (booking_id, flight_id, customer_id, seat_no, status) VALUES (112, 6, 61, '2C', 'booked');
INSERT INTO Bookings (booking_id, flight_id, customer_id, seat_no, status) VALUES (113, 1, 24, '1B', 'cancelled');
INSERT INTO Bookings (booking_id, flight_id, customer_id, seat_no, status) VALUES (114, 2, 121, '6A', 'booked');
INSERT INTO Bookings (booking_id, flight_id, customer_id, seat_no, status) VALUES (115, 9, 142, '7B', 'booked');
INSERT INTO Bookings (booking_id, flight_id, customer_id, seat_no, status) VALUES (116, 4, 162, '7C', 'cancelled');
INSERT INTO Bookings (booking_id, flight_id, customer_id, seat_no, status) VALUES (117, 3, 1, '10B', 'cancelled');
INSERT INTO Bookings (booking_id, flight_id, customer_id, seat_no, status) VALUES (118, 6, 89, '3B', 'booked');
INSERT INTO Bookings (booking_id, flight_id, customer_id, seat_no, status) VALUES (119, 3, 185, '6A', 'cancelled');
INSERT INTO Bookings (booking_id, flight_id, customer_id, seat_no, status) VALUES (120, 6, 154, '8B', 'cancelled');
INSERT INTO Bookings (booking_id, flight_id, customer_id, seat_no, status) VALUES (121, 2, 105, '5B', 'cancelled');
INSERT INTO Bookings (booking_id, flight_id, customer_id, seat_no, status) VALUES (122, 6, 126, '2C', 'cancelled');
INSERT INTO Bookings (booking_id, flight_id, customer_id, seat_no, status) VALUES (123, 8, 10, '4C', 'cancelled');
INSERT INTO Bookings (booking_id, flight_id, customer_id, seat_no, status) VALUES (124, 10, 35, '9A', 'cancelled');
INSERT INTO Bookings (booking_id, flight_id, customer_id, seat_no, status) VALUES (125, 4, 176, '4A', 'cancelled');
INSERT INTO Bookings (booking_id, flight_id, customer_id, seat_no, status) VALUES (126, 7, 69, '10A', 'cancelled');
INSERT INTO Bookings (booking_id, flight_id, customer_id, seat_no, status) VALUES (127, 1, 114, '6C', 'cancelled');
INSERT INTO Bookings (booking_id, flight_id, customer_id, seat_no, status) VALUES (128, 5, 2, '7B', 'booked');
INSERT INTO Bookings (booking_id, flight_id, customer_id, seat_no, status) VALUES (129, 5, 42, '6B', 'booked');
INSERT INTO Bookings (booking_id, flight_id, customer_id, seat_no, status) VALUES (130, 3, 159, '6B', 'cancelled');
INSERT INTO Bookings (booking_id, flight_id, customer_id, seat_no, status) VALUES (131, 2, 130, '8C', 'booked');
INSERT INTO Bookings (booking_id, flight_id, customer_id, seat_no, status) VALUES (132, 10, 155, '9B', 'booked');
INSERT INTO Bookings (booking_id, flight_id, customer_id, seat_no, status) VALUES (133, 5, 1, '6A', 'booked');
INSERT INTO Bookings (booking_id, flight_id, customer_id, seat_no, status) VALUES (134, 7, 6, '5B', 'cancelled');
INSERT INTO Bookings (booking_id, flight_id, customer_id, seat_no, status) VALUES (135, 7, 69, '10A', 'booked');
INSERT INTO Bookings (booking_id, flight_id, customer_id, seat_no, status) VALUES (136, 8, 196, '7C', 'booked');
INSERT INTO Bookings (booking_id, flight_id, customer_id, seat_no, status) VALUES (137, 9, 74, '8C', 'booked');
INSERT INTO Bookings (booking_id, flight_id, customer_id, seat_no, status) VALUES (138, 4, 38, '9B', 'booked');
INSERT INTO Bookings (booking_id, flight_id, customer_id, seat_no, status) VALUES (139, 6, 10, '7C', 'booked');
INSERT INTO Bookings (booking_id, flight_id, customer_id, seat_no, status) VALUES (140, 1, 139, '8C', 'cancelled');
INSERT INTO Bookings (booking_id, flight_id, customer_id, seat_no, status) VALUES (141, 5, 133, '6B', 'booked');
INSERT INTO Bookings (booking_id, flight_id, customer_id, seat_no, status) VALUES (142, 8, 107, '7A', 'booked');
INSERT INTO Bookings (booking_id, flight_id, customer_id, seat_no, status) VALUES (143, 6, 111, '5C', 'booked');
INSERT INTO Bookings (booking_id, flight_id, customer_id, seat_no, status) VALUES (144, 10, 180, '8B', 'booked');
INSERT INTO Bookings (booking_id, flight_id, customer_id, seat_no, status) VALUES (145, 5, 143, '4A', 'booked');
INSERT INTO Bookings (booking_id, flight_id, customer_id, seat_no, status) VALUES (146, 4, 19, '2B', 'booked');
INSERT INTO Bookings (booking_id, flight_id, customer_id, seat_no, status) VALUES (147, 5, 172, '8C', 'cancelled');
INSERT INTO Bookings (booking_id, flight_id, customer_id, seat_no, status) VALUES (148, 4, 155, '10C', 'booked');
INSERT INTO Bookings (booking_id, flight_id, customer_id, seat_no, status) VALUES (149, 6, 193, '6C', 'booked');
INSERT INTO Bookings (booking_id, flight_id, customer_id, seat_no, status) VALUES (150, 4, 180, '8B', 'cancelled');
INSERT INTO Bookings (booking_id, flight_id, customer_id, seat_no, status) VALUES (151, 4, 77, '1C', 'cancelled');
INSERT INTO Bookings (booking_id, flight_id, customer_id, seat_no, status) VALUES (152, 2, 86, '7A', 'booked');
INSERT INTO Bookings (booking_id, flight_id, customer_id, seat_no, status) VALUES (153, 3, 190, '10C', 'booked');
INSERT INTO Bookings (booking_id, flight_id, customer_id, seat_no, status) VALUES (154, 2, 70, '9A', 'cancelled');
INSERT INTO Bookings (booking_id, flight_id, customer_id, seat_no, status) VALUES (155, 6, 105, '2C', 'cancelled');
INSERT INTO Bookings (booking_id, flight_id, customer_id, seat_no, status) VALUES (156, 4, 49, '8B', 'booked');
INSERT INTO Bookings (booking_id, flight_id, customer_id, seat_no, status) VALUES (157, 9, 134, '1C', 'cancelled');
INSERT INTO Bookings (booking_id, flight_id, customer_id, seat_no, status) VALUES (158, 4, 39, '1C', 'booked');
INSERT INTO Bookings (booking_id, flight_id, customer_id, seat_no, status) VALUES (159, 2, 197, '8C', 'cancelled');
INSERT INTO Bookings (booking_id, flight_id, customer_id, seat_no, status) VALUES (160, 6, 93, '5C', 'cancelled');
INSERT INTO Bookings (booking_id, flight_id, customer_id, seat_no, status) VALUES (161, 9, 66, '6C', 'booked');
INSERT INTO Bookings (booking_id, flight_id, customer_id, seat_no, status) VALUES (162, 2, 101, '10C', 'booked');
INSERT INTO Bookings (booking_id, flight_id, customer_id, seat_no, status) VALUES (163, 1, 18, '3C', 'booked');
INSERT INTO Bookings (booking_id, flight_id, customer_id, seat_no, status) VALUES (164, 3, 153, '8B', 'cancelled');
INSERT INTO Bookings (booking_id, flight_id, customer_id, seat_no, status) VALUES (165, 8, 182, '1C', 'cancelled');
INSERT INTO Bookings (booking_id, flight_id, customer_id, seat_no, status) VALUES (166, 9, 187, '7C', 'cancelled');
INSERT INTO Bookings (booking_id, flight_id, customer_id, seat_no, status) VALUES (167, 4, 55, '10B', 'booked');
INSERT INTO Bookings (booking_id, flight_id, customer_id, seat_no, status) VALUES (168, 10, 176, '10C', 'cancelled');
INSERT INTO Bookings (booking_id, flight_id, customer_id, seat_no, status) VALUES (169, 4, 161, '3A', 'booked');
INSERT INTO Bookings (booking_id, flight_id, customer_id, seat_no, status) VALUES (170, 3, 123, '4B', 'cancelled');
INSERT INTO Bookings (booking_id, flight_id, customer_id, seat_no, status) VALUES (171, 8, 54, '1C', 'cancelled');
INSERT INTO Bookings (booking_id, flight_id, customer_id, seat_no, status) VALUES (172, 4, 139, '3C', 'cancelled');
INSERT INTO Bookings (booking_id, flight_id, customer_id, seat_no, status) VALUES (173, 2, 74, '8A', 'booked');
INSERT INTO Bookings (booking_id, flight_id, customer_id, seat_no, status) VALUES (174, 8, 147, '3C', 'booked');
INSERT INTO Bookings (booking_id, flight_id, customer_id, seat_no, status) VALUES (175, 5, 35, '4C', 'booked');
INSERT INTO Bookings (booking_id, flight_id, customer_id, seat_no, status) VALUES (176, 2, 50, '6C', 'booked');
INSERT INTO Bookings (booking_id, flight_id, customer_id, seat_no, status) VALUES (177, 7, 88, '6C', 'booked');
INSERT INTO Bookings (booking_id, flight_id, customer_id, seat_no, status) VALUES (178, 1, 181, '5C', 'cancelled');
INSERT INTO Bookings (booking_id, flight_id, customer_id, seat_no, status) VALUES (179, 8, 92, '7B', 'cancelled');
INSERT INTO Bookings (booking_id, flight_id, customer_id, seat_no, status) VALUES (180, 5, 90, '8C', 'booked');
INSERT INTO Bookings (booking_id, flight_id, customer_id, seat_no, status) VALUES (181, 3, 25, '2C', 'cancelled');
INSERT INTO Bookings (booking_id, flight_id, customer_id, seat_no, status) VALUES (182, 10, 124, '1A', 'booked');
INSERT INTO Bookings (booking_id, flight_id, customer_id, seat_no, status) VALUES (183, 1, 21, '6A', 'cancelled');
INSERT INTO Bookings (booking_id, flight_id, customer_id, seat_no, status) VALUES (184, 4, 88, '6A', 'cancelled');
INSERT INTO Bookings (booking_id, flight_id, customer_id, seat_no, status) VALUES (185, 1, 54, '8C', 'booked');
INSERT INTO Bookings (booking_id, flight_id, customer_id, seat_no, status) VALUES (186, 6, 7, '7C', 'cancelled');
INSERT INTO Bookings (booking_id, flight_id, customer_id, seat_no, status) VALUES (187, 1, 185, '5B', 'cancelled');
INSERT INTO Bookings (booking_id, flight_id, customer_id, seat_no, status) VALUES (188, 3, 162, '1C', 'cancelled');
INSERT INTO Bookings (booking_id, flight_id, customer_id, seat_no, status) VALUES (189, 8, 157, '1C', 'booked');
INSERT INTO Bookings (booking_id, flight_id, customer_id, seat_no, status) VALUES (190, 6, 3, '10A', 'booked');
INSERT INTO Bookings (booking_id, flight_id, customer_id, seat_no, status) VALUES (191, 6, 15, '8C', 'booked');
INSERT INTO Bookings (booking_id, flight_id, customer_id, seat_no, status) VALUES (192, 6, 142, '3A', 'booked');
INSERT INTO Bookings (booking_id, flight_id, customer_id, seat_no, status) VALUES (193, 10, 148, '7A', 'booked');
INSERT INTO Bookings (booking_id, flight_id, customer_id, seat_no, status) VALUES (194, 4, 37, '7C', 'cancelled');
INSERT INTO Bookings (booking_id, flight_id, customer_id, seat_no, status) VALUES (195, 10, 29, '3B', 'cancelled');
INSERT INTO Bookings (booking_id, flight_id, customer_id, seat_no, status) VALUES (196, 5, 46, '10A', 'cancelled');
INSERT INTO Bookings (booking_id, flight_id, customer_id, seat_no, status) VALUES (197, 2, 140, '9A', 'booked');
INSERT INTO Bookings (booking_id, flight_id, customer_id, seat_no, status) VALUES (198, 3, 152, '5A', 'booked');
INSERT INTO Bookings (booking_id, flight_id, customer_id, seat_no, status) VALUES (199, 4, 64, '3C', 'cancelled');
INSERT INTO Bookings (booking_id, flight_id, customer_id, seat_no, status) VALUES (200, 8, 97, '2B', 'booked');
